Travis Scott,WondaGurl
Drake,WondaGurl
Big Sean,WondaGurl
Drake,WondaGurl
Travis Scott,WondaGurl
Rihanna,WondaGurl
Travis Scott,WondaGurl
Big Sean,WondaGurl
Travis Scott,WondaGurl
Travis Scott,WondaGurl
JAY-Z,WondaGurl
Travis Scott,WondaGurl
Travis Scott,WondaGurl
Lil Uzi Vert,WondaGurl
Lil Uzi Vert,WondaGurl
Travis Scott,WondaGurl
A$AP Mob,WondaGurl
Lil Uzi Vert,WondaGurl
Quavo,WondaGurl
SZA,WondaGurl
Travis Scott,WondaGurl
Lil Uzi Vert,WondaGurl
Travis Scott,WondaGurl
Bryson Tiller,WondaGurl
Big Sean,WondaGurl
Young Thug,WondaGurl
French Montana,WondaGurl
Bryson Tiller,WondaGurl
JID,WondaGurl
Ab-Soul,WondaGurl
KILLY,WondaGurl
Travis Scott,WondaGurl
Amir Obè,WondaGurl
Travis Scott,WondaGurl
Rich the Kid,WondaGurl
Ski Mask the Slump God,WondaGurl
KILLY,WondaGurl
Lil Yachty,WondaGurl
Juicy J,WondaGurl
​at Wendys,WondaGurl
Drake,Mannie Fresh
Kanye West,Mannie Fresh
Juvenile,Mannie Fresh
Pusha-T,Mannie Fresh
2 Chainz,Mannie Fresh
Speaker Knockerz,Mannie Fresh
Drake,Mannie Fresh
Lil Wayne,Mannie Fresh
Lil Wayne,Mannie Fresh
Big Tymers,Mannie Fresh
Juvenile,Mannie Fresh
Hot Boys,Mannie Fresh
Lil Wayne,Mannie Fresh
Lil Wayne,Mannie Fresh
B.G. (Baby Gangsta),Mannie Fresh
Big Tymers,Mannie Fresh
2 Chainz,Mannie Fresh
Lil Wayne,Mannie Fresh
Jeezy,Mannie Fresh
Big K.R.I.T.,Mannie Fresh
2 Chainz,Mannie Fresh
G-Eazy,Mannie Fresh
Childish Gambino,Mannie Fresh
Lil Wayne,Mannie Fresh
Lil Uzi Vert & Gucci Mane,Mannie Fresh
Lil Wayne,Mannie Fresh
Big K.R.I.T.,Mannie Fresh
T.I.,Mannie Fresh
Lil Wayne,Mannie Fresh
Big K.R.I.T.,Mannie Fresh
Juvenile,Mannie Fresh
LightSkinKeisha,Mannie Fresh
Lil Wayne,Mannie Fresh
Big K.R.I.T.,Mannie Fresh
Lil Wayne,Mannie Fresh
Lil Wayne,Mannie Fresh
Lil Wayne,Mannie Fresh
Big Tymers,Mannie Fresh
Lil Wayne,Mannie Fresh
Lil Wayne,Mannie Fresh
Migos,Zaytoven
Saweetie,Zaytoven
Future,Zaytoven
Migos,Zaytoven
Travis Scott,Zaytoven
Tyga,Zaytoven
Migos,Zaytoven
Lil Uzi Vert,Zaytoven
Nicki Minaj,Zaytoven
Future,Zaytoven
DJ Esco,Zaytoven
Young Dolph,Zaytoven
21 Savage & Metro Boomin,Zaytoven
Lil Uzi Vert,Zaytoven
Future,Zaytoven
Lil Pump,Zaytoven
Young Dolph,Zaytoven
Migos,Zaytoven
21 Savage,Zaytoven
21 Savage,Zaytoven
Gucci Mane,Zaytoven
Future,Zaytoven
Gucci Mane,Zaytoven
21 Savage,Zaytoven
Future,Zaytoven
Gucci Mane,Zaytoven
Migos,Zaytoven
Migos,Zaytoven
Future,Zaytoven
Future,Zaytoven
Nicki Minaj,Zaytoven
Future,Zaytoven
Migos,Zaytoven
Future,Zaytoven
Meek Mill,Zaytoven
Jeremih & Chance The Rapper,Zaytoven
Lil Uzi Vert,Zaytoven
Future,Zaytoven
Chief Keef,Zaytoven
Migos,Zaytoven
